{
	"welcomeFile": "/webapp/index.html",
	"routes": [{
		"path": "/resources",
		"target": {
			"type": "service",
			"name": "sapui5",
			"entryPath": "/resources"
		},
		"description": "SAPUI5 Resources"
	}, {
		"path": "/test-resources",
		"target": {
			"type": "service",
			"name": "sapui5",
			"entryPath": "/test-resources"
		},
		"description": "SAPUI5 Test Resources"
	}, {
		"path": "/destinations/DOCX_APP",
		"target": {
			"type": "destination",
			"name": "DOCX_APP"
		},
		"description": "DOCX_APP"
	}],
	"sendWelcomeFileRedirect": true
}